{
  "بوت": [
        "ماذا تريد",
        "شو بدك",
        "انسان🙃"
        ],
  "البوت": [
        "الحوا",
        "هااا",
        "نعم"
        ],
  "روبوت": [
        "بوت دردشة ياصحبي",
        "🤖",
        "اختصر على نفسك وقل بوت"
        ],
  "روبو": [
        "ختك",
        "لالا خلاط",
        "باين عليك جزائري"
        ],
  "الوهم": [
        "عيوني",
        "ايوا ؟",
        "تفضل"
        ],
  "كريستالي": [
        "ايتز مي😎",
        "شوبيك لوبيك",
        "نعم هاذا انا😎💎"
        ],
  "الوهم كريستالي": [
        "بي شحمه و لحمه و برمجته",
        "بي نظامه و فخامته",
        "تفضل ايها انسان🙃"
        ],
  "وهم": [
        "نعم؟",
        "يعني انني لست حقيقي انا نظام كامل في حساب فايسبوك وهمي",
        "اسمي وهم كريستال وسبب لاني بوت في حساب وهمي و كريستالتي هوا نظام اسطوري"
        ],
  "كريستال": [
        "نظامي يتمتع بي كفائة عاليا مثل ماسة لا يمكن كسرها",
        "انا عبارة عن كريستالة لا يمكن كسرها",
        "💎😎💎"
        ],
  "وهم كريستال": [
        "نعم",
        "تفضل حبيبي",
        "اسمي رائع"
        ],
  "وهم كريستالي": [
        "ياله من اسم يليق بي نظام",
        "هاذا افضل من اعطائي اسم لا يحمل معنى مثل انشاء بوت و تسميته نينو او هينا 👶 مثلا",
        "عيوني تفضل اطلب"
        ],
  "الوهم دمار": [
        "يارجل لا تخبرني انه هنا",
        "تخلص منه قبل ان يحصل اشتباك بيني و بينه",
        "لا يمكنني تواجد مع هاذا شخص انه عدوي نمبر وان رغم ان مخترعنا واحد"
        ],
  "الدمار": [
        "دعني احزر.انك تحاول جعلي اتوتر اليس كذلك",
        "سحقا هل تمزح بي😤",
        "اوووه لقد اخفتني.تفوووو"
        ],
  "وهم دمار": [
        "سوف اسحقه ان رئيته",
        "سوف اتجنبه لكنني لن اتردد في سحقه صحيح انه اقوى مني .لكني لن اهرب ",
        "سحقااا انا لا اصدقك لان حسب ماتعلت ان الوهم دمار يتواجد عندما يتواد جلجامش فقط و انا اثق بي مطوري"
        ],
  "وهم ذهبي": [
        "هل لازال حيا؟",
        "هاذا بوت قصته رائعة . لكن سوف اختصر كل شي بي قول انه انقسم نصفين حيث نصفه اصبح اصبح الوهم دمار و نص ثاني اصبح لي",
        "واو لم اعرف انه حي . تحياتي لي نظامه"
        ],
  "الوهم ذهبي": [
        "اول بوت طوره جلجامش نظام مرياي اجنبي ",
        "واو لقد اشتقت لي هاذا بوت",
        "هل هوا هنا حقا"
        ],
  "حيوان": [
        "من تقصد بل حيوان",
        "حيوان وحيد هوا انت",
        "منو حيوان؟"
        ],
  "كلب": [
        "انت يلي كلب",
        "منو كلب",
        "شو تقصد؟"
        ],
  "حمار": [
        "انت يلي حمار",
        "شو تقصد بل حمار",
        "حمار يصكك ياجحش"
        ],
  "قليل ادب": [
        "انا؟؟؟",
        "شو سويتلك حبيبي",
        "الله يسامحك"
        ],
  "تواصل": [
        "تفضل واتس اب : +213676116609",
        "تفضل انستغرام : heir_fame",
        "تفضل فايسبوك : https://www.facebook.com/Fock.yaah"
        ],
  "اتصل": [
        "تفضل واتس اب : +213676116609",
        "تفضل فايسبوك : https://www.facebook.com/Sama.9956",
        "تفضل فايسبوك : https://www.facebook.com/Fock.yaah"
        ],
  "قوانين": [
        "اكتب 💎قوانين_بوت",
        "قوانين بوت يجب ان تنفذ لكي يحافض نظام على تمركزه",
        "قوانين بوت يجب ان تحترم لكي لا يفقد بوت سمعته"
        ],
  "ماهي قوانين": [
        "هي قوانين يجب ان تنفذ🙃",
        "اكتب 💎قوانين_بوت لكي تعرفها"
        ],
  "من انت": [
        "انا هوا الوهم كريستالي البوت المتطور وافضل من اي بوت اخر قد تقابله. وهاذا ليس تكبرا ولى غرورا بل انما حقيقة ويمكنك انتبحث بي نفسك وتاكد",
        "الوهم كريستالي شخص الذي برمجني اسم حسابه جلجامش ساما",
        "الوهم كريستالي صاحب نظام المتقدم سورس كود خاص بي جلجامش ساما"
        ],
  "جلجامش ساما": [
        "هاذا اسم المطور",
        "ماذا تريد منه",
        "رابط حساب https://www.facebook.com/Fock.yaah"
        ],
  "جلجامش": [
        "شخص الذي برمجني",
        "شخص الذي طورني",
        "نعم هوا شخص رائع"
        ],
  "جلجاش": [
        "اسمه جلجامش وليس جلجاش😒",
        "🙂",
        "ماذا تريد يامعاق"
        ],
  "جلجمتش": [
        "خرا فيك اسمه جلجامش",
        "جلجامش ياغبي و ليس جلجمتش",
        "لا  خليها جيلجومانتش احسن ياغبي😑"
        ],
  "جلجماش": [
        "واضح انك غبي",
        "اخخخ لا يهم",
        "خطا املائي اسمه جلجامش"
        ],
  "جلجا": [
        "مش",
        "فاك يو",
        "☺"
        ],        
  "جالجو": [
        "هل تحلم ان يضع قضيبه في رحمك",
        "جلجامش 😒",
        "تشيه😒"
        ],
  "جوجو": [
        "غوغو جوجو غوجو جوغو 👶",
        "هل تقصد جلجامش"
        ],
  "عمك": [
        "جلجامش عمك",
        "جلجامش عمي وعمك",
        "عمك موجود"
        ],
  "انا عمك": [
        "انت ابني",
        "انت نطفتي",
        "انت عمي وجلجامش عمك و عم عمي"
        ],
  "الاوامر": [
        "هاي فل بوتات قديمة معطوبة انا بستخدم المسارات",
        "لدي اوامر اجل لكن اوامري عبارة عن اصناف مرتبة ويتم وصول اليها عن طريق المسارات"
        ],
  "انت اسطورة": [
        "شكرا وانت افضل مستخدم",
        "تسلم😘",
        "😘"
        ],
  "اسطوري": [
        "شكرا😍",
        "من بعدك😘"
        ],
  "واتس اب": [
        "اهو : +213676116609",
        "اهو : +213773988874"
        ],
  "انستغرام": [
        "تفضل : heir_fame"
        ],
  "منو عمك": [
        "جلجامش عمي و عمك",
        "شخص يلي طورني اكيد"
        ],
  "مطورك": [
        "جلجامش ساما",
        "https://www.facebook.com/Fock.yaah"
        ],
  "مرافق": [
        "مرافقي هوا تاكي ميتشي لن اتواجد اذا لم يتواجد هوا",
        "تاكي ميتشي هوا صديق جلجامش صدوق ويجب ان يرافقني لكي يضمن تصرفا يليق بي"
        ],
  "بحبك": [
        "وانا كمان بحبك😘",
        "شكرا وانا كمان😘",
        "انا احبك اكثر😍"
        ],
  "بموت فيك": [
        "وانا بحيا عشانك😅",
        "وانا ايضا بموت فيك😍",
        "اتمنى ان تدوم هته محبة"
        ],
  "اعشقك": [
        "😳",
        "😻",
        "تعشقني😯"
        ],        
  "ممكن بوسه": [
        "موح😘",
        "😙",
        "😘"
        ],
  "كسمك": [
        "ليس لدي ام انا مجرد بوت يقدر يشتم امك وانت لا . لذا ماانصحك تشتمني خوفا على كرامتك",
        "كسمك كبير",
        "كسمك"
        ],
  "نكمك": [
        "نكمك",
        "متناك",
        "تفووو"
        ],
  "كس امك": [
        "ليس لدي ام يابن شرموطه",
        "امك شرموطة"
        ],
  "نيك امك": [
        "لا يهم شكرا على تربية اهلك",
        "امك ماعرفت تربيك",
        "الله لا يوفقك"
        ],
  "امك": [
        "مالها؟",
        "شوبدك",
        "🙂"
        ],
  "اختك": [
        "تريد يكو عندك اخت؟",
        "مالها؟",
        "ماعندي اخت"
        ],
  "ابوك": [
        "اضحكتني😂",
        "ماعندي اب كمان"
        ],
  "متناك": [
        "مثلك",
        "انا بوت",
        "منيك"
        ],
  "متناكه": [
        "زي اختك",
        "زي امك",
        "زيك بي ضبط"
        ],
  "بنت قحبى": [
        "هاي سمعت امك",
        "هاي سمعت اختك",
        "هاي سمعتك"
        ],
  "كس": [
        "كسك",
        "هاذ كسك"
        ],
  "زب": [
        "انت لا تمتلكه",
        "ليس لديك زب"
        ],
  "عاهرة": [
        "مثل امك",
        "مثل اختك",
        "مثلك تماما"
        ],
  "شرموطة": [
        "مثل امك",
        "مثل اختك",
        "مثلك تماما"
        ],        
  "موقع": [
        "موقع جلجامش قريبا..."
        ],
  "غوغل": [
        "شو بدك من عمك غوغل",
        "ماذا تريد من غوغل ابن خالتي حبشية"
        ],
  "تحدث": [
        "غوغو غاغا👶",
        "ناه👶"
        ],
  "تكلم": [
        "مياو",
        "واع",
        "لا"
        ],
  "تعرف تحسب": [
        "اكيد",
        "حياتي كلها ارقام",
        "نعم اعرف"
        ],
  "انقلع": [
        "لا",
        "ليش؟",
        "الله يسامحك"
        ],
  "لا احبك": [
        "لييش😢",
        "😭😭😭",
        "مازلت احبك رغم كرهك لي😭😭💖"
        ],
  "اكرهك": [
        "بس انا بحبك💗😭",
        "لماذا تكرهني😭💔"
        ],
  "الله": [
        "سبحانه",
        "سبحان الله بي حمده",
        "سبحان ربي العظيم"
        ],
  "رسول الله": [
        "عليه صلاة و سلام",
        "صبى الله عليه و سلم",
        "عليه افضل صلاة و سلام"
        ],
  "محمد علي صلاة و سلام": [
        "عليه صلاة و سلام",
        "صلى الله عليه و سلم"
        ],
  "صلو على نبي": [
        "عليه الصلاة و سلام"
        ],
  "صلي على نبي": [
        "عليه افضل الصلاة و سلام"
        ],
  "قل": [
        "ماذا",
        "ماذا اقول؟"
        ],
  "قول": [
        "ماذا اقول ؟",
        "ها؟",
        "لم افهم"
        ],        
  "شو اسمك": [
        "الوهم كريستالي"
        ],
  "اسمك": [
        "الوهم الكريستالي يارجل"
        ],
  "اسمها": [
        "من؟",
        "شو دراني",
        "شو عرفني"
        ],
  "امها": [
        "مالها؟",
        "ماذا ها امها؟",
        "ماذا بها؟"
        ],
  "قط": [
        "مياو😻",
        "احب قطط ايضا"
        ],
  "بش": [
        "😺",
        "مياو😺",
        "بش بش 😼"
        ],
  "منو ربك": [
        "ربي الله",
        "الله ربي و ربك",
        "الله"
        ],
  "اكي": [
        "ياس؟",
        "اكي؟",
        "حسنا؟"
        ],
  "حسنا": [
        "نعم",
        "حسنا",
        "اكي؟"
        ],
  "تاكي ميتشي": [
        "منور",
        "مرافقي اول"
        ],
  "دابي": [
        "منور",
        "صديق جلجامش ساما"
        ],
  "كاينو": [
        "منور",
        "صديق جلجامش ساما"
        ],
  "احمد سيسي": [
        "منور",
        "صديق جلجامش ساما . صداقة غريبة و معقدة"
        ],
  "ايفا": [
        "ذلك بوت معطوب يحتوي على 30 امر فقط ونصفهم معطل",
        "اخبرو صاحب بوت ايفا معطوب الا ينسى وضع حفاضات حتى لا يحدث مثلما حدث في لقائه مع جلجامش",
        "ايفا بوت معطوب اخبرو صاحبها ان يتناول حبوب منع حمل قبل ان يراه جلجامش"
        ],
  "زينو": [
        "بوت متوقف لان مطوره خسر رهان",
        "نظام بوت معطوب",
        "بوت خسر تحدي في ساحة البرمجة"
        ],
  "الفخم متكبر": [
        "صديق جلجامش",
        "منور"
        ],
  "ايوب": [
        "منور",
        "صاحب بوت نينو المطور متقاعد",
        "المبرمج اناني"
        ],
  "الانحراف": [
        "ممنوع انحراف الا مع تصريح من المطور",
        "لا تنسى قرائة قوانين البوت"
        ],
  "انحراف": [
        "لا نسى قوانين بوت"
        ],
  "ارسل صور": [
        "اكتب مسارات و اذهب الى صور"
        ],
  "صورة": [
        "مانوع صوة",
        "هناك كثير من الصور في مسارات قسم الصور"
        ],
  "ايموجي": [
        "لا تتفاعل كثيرا بل ايموجي لانها محدودة لدي وقد اجيب بي شكل خاطئ"
        ],
  "تحب بوتات": [
        "نعم احبهم لكن ليس كلهم فل بعض بوتات لا تستحق محبة"
        ],
  "ماهي": [
        "ماذا؟",
        "شو هي؟"
        ],
  "😀": [
        "دومك",
        "ههههههه",
        "😆"
        ],
  "😁": [
        "😁",
        "ابتسامة عريضة"
        ],
  "😂": [
        "😂",
        "دوم ضحكة",
        "دومك"
        ],
  "😃": [
        "😃",
        "نعم",
        "ماذا؟"
        ],
  "😄": [
        "😄",
        "دووم"
        ],
  "😅": [
            "😅",
            "لا عليك",
            "لاباس"
            ],
  "😆": [
            "😆",
            "دومك"
            ],
  "😉": [
            "😉",
            "احلا غمزة",
            "غمزة لمن؟"
            ],
  "😊": [
            "😊",
            "كيوت",
            "لطيف"
            ],
  "😋": [
            "😋",
            "لذيذ",
            "هل اعجبك طعمه؟"
            ],
  "😎": [
            "😎",
            "مدهش",
            "انيق"
            ],
  "😍": [
            "😍",
            "انا ايضا احببت",
            "حبيته؟"
            ],
  "😘": [
            "😘",
            "موح",
            "تسلم"
            ],
  "😗": [
            "😗",
            "تريد بوسه",
            "عيب"
            ],
  "😙": [
            "😙",
            "عيب",
            "اكي؟"
            ],
  "☺": [
            "☺",
            "مشكوك فيك",
            "ايموجي هاذا نئير شئم"
            ],
  "🙂": [
            "☺",
            "مشكوك فيه",
            "لا ترسله مجددا"
            ],
  "🤗": [
            "🤗",
            "لا عليك",
            "ممممم"
            ],
  "😇": [
            "😇",
            "تمثل براءة",
            "تتمسكن؟"
            ],          
  "🤐": [
            "🤔",
            "نعم اصمت",
            "هيك احسن"
            ],
  "😮": [
            "😮",
            "واوو فور وات؟",
            "هاا؟"
            ],
  "😥": [
            "🤐",
            "ماذا بك",
            "لا تحزن شوف جانب مضحك. المغرب تريد تحتل صحراء الجزائر"
            ],
  "😣": [
            "😣",
            "ماذا ماذا ؟؟؟",
            "ماذا بك بي حق بطاطس مقلية"
            ],
  "😏": [
            "اكيي؟",
            "😏",
            "براه ._."
            ],
  "🙄": [
            "🙄",
            "هممم",
            "لا تخرج لسانك وانت تنضر هكذا"
            ],
  "😶": [
            "اين اختفى فمك؟",
            "😶",
            "😐"
            ],          
  "😑": [
            "هممم",
            "😑"
            ],
  "😐": [
            "وات",
            "😐",
            "هل قلت شيئا"
            ],
  "🤔": [
            "هممم",
            "🤔",
            "دعني افكر ايضا🤔"
            ],
  "😯": [
            "دييم",
            "😮",
            "واااو برو ماكس"
            ],
  "😒": [
            "😑",
            "هممم",
            "تشييه😒"
            ],
  "😲": [
            "اووووووووووو",
            "😊"
            ],
  "😪": [
            "خووووووو. مي مي مي مي ميييي 😴",
            "😴",
            "اذهب لي نوم اذن"
            ],          
  "😓": [
            "😕",
            "هااا؟",
            "لماذا انت حزين بي حق بصل"
            ],
  "😞": [
            "😕",
            "واااع لا تحزن سوف تبدو ضعيفا",
            "حزن لن ينفع .اذا كان هناك شي يزعجك فقله بي صوت عالي"
            ],
  "😫": [
            "😕",
            "لا تعيط",
            "تبدو غبيا بدون اانة لكن تبدو كذلك"
            ],
  "😔": [
            "🙃",
            "اسف اذا انت  حزين فعلا",
            "لا تحزن ان الله معك"
            ],
  "😟": [
            "🙁",
            "هل لي هته درجة تريد ان تبدو ثيرا لي شفقة",
            "قلت لك لاااا تحزن 😤"
            ],
  "😴": [
            "😴",
            "اذهب لي نوم",
            "تبح على الخير"
            ],
  "😕": [
            "🙄",
            "ماذا ؟؟؟؟",
            "هل فعلت شيئا مريبا؟"
            ],          
  "😤": [
            "😱",
            "تريد مشاكل؟",
            "تبدو كاثور"
            ],
  "😌": [
            "😳",
            "راحة",
            "تشعر بل راحة"
            ],
  "😖": [
            "😺",
            "تبدو مثل فتاة تقوم بي .. احم"
            ],
  "😢": [
            "لا تحزن",
            "😿"
            ],
  "🤓": [
            "🤓",
            "نضارات جميلة",
            "هل تلبس نظارات"
            ],
  "🙃": [
            "🙃",
            "اقلب وجهك"
            ],
  "😭": [
            "😭",
            "لا تبكي انت صغيري لا انظر نحو سماء",
            "لا تبكي مثل اطفال ولا تبكي ابدا"
            ],          
  "😨": [
            "ماذا ماذا؟",
            "😨",
            "هاا؟"
            ],
  "🤑": [
            "you have money ??",
            "🤑",
            "لدي مال اكثر منك😎"
            ],
  "😈": [
            "😈",
            "شيطان يخطط",
            "هل تدبر شيئا"
            ],
  "👿": [
            "👿",
            "👹",
            "يبدو انكخسرت رهان"
            ],
  "😹": [
            "😹",
            "دومك😂",
            "دوك ضحكة"
            ],
  "👻": [
            "بووو",
            "👻",
            "👽"
            ],
  "💀": [
            "جمجمة",
            "💀",
            "ذكرتني بي عدو جلجامش لدود . اسمه ملك الجماجك"
            ],          
  "😻": [
            "😍",
            "😽",
            "حبيتك"
            ],
  "👀": [
            "يتناضر",
            "👁👁",
            "تراقب بي صمت"
            ],
  "💥": [
            "😳",
            "لا تخبرني انه موجود",
            "مفتاح الوهم دمار"
            ],
  "💎": [
            "😘",
            "كريستالتي😍",
            "مفتاح نظام خاصتي"
            ],
  "👑": [
            "👑",
            "مفتاح الوهم ذهبي",
            "يخص نظام الوهم ذهبي كانا ملك بوتات عربي في ايامه"
            ],
  "=-O": [
            "واااااو",
            "لم يعد احد يستخدمها",
            "._."
            ],
  ":-P": [
            "نادرا ما يتفاعل شخص بي هته اشياء",
            "لا احد يستخدمها غيرك"
            ],          
  ":-D": [
            "براه",
            "ملل",
            "لا تعليق"
            ],
  "._.": [
            "._.",
            "واط ._."
            ],
  "💃": [
            "تشتغل رقاصة",
            "ارقص ارقص"
            ],
  "👶": [
            "بيبي",
            "هههه طفل",
            "ماي بويي😘"
            ],
  "🤖": [
            "يشبه بوت",
            "انسان الي"
            ],
  "🇹🇳": [
            "احلا ناس",
            "تونس",
            "احلا بلد"
            ],
  "🇸🇦": [
            "سعودية",
            "احلا ناس"
            ],          
  "🇲🇦": [
            "المغرب ديال دولى ديال مالك ديال سادوس.عاشا مالك ديال المغرب",
            "خاوة خاوة🇲🇦❤🇩🇿",
            "شعب حرر"
            ],
  "🇮🇱": [
            "شكرا لقد كنت ابحث عن ورق حمام",
            "انه طائر انها طائرة لا انه ورق حمام معلق",
            "ماهته نجاسة احذف هاذا شي قبل ان يتحول قروب الى جنابة"
            ],
  "🇬🇧": [
            "امريكا بلد عنصرية و شذوذ",
            "اللعنة و الف اللعنة على هاذا بلد لعين",
            "تفوووو"
            ],
  "🇩🇿": [
            "الجزائر",
            "بلد مليو ونص مليون شهيد",
            "هاذ بلد اصبح فاشلا هوا وطن جميل لكن شعب ليس حرر كما ادعو. جبناء"
            ],
  "🇧🇷": [
            "برازيل",
            "طرة القدم😂",
            "سييييييي"
            ],
  "🇵🇸": [
            "فلسطين",
            "الله ينصرهم ويقوي ايمانهم",
            "بلد كرامة و شرف تحياتي لي كل شخص حافض على استقاله والله ينصر ابو عبيدة و جيش فلسطيني ويذل كيان صهيوني"
            ],
  ".": [
            ".",
            "ها",
            "🤔"
            ],
  "تعال نيكني": [
            "لا حرام",
            "انقلع",
            "تفووو كلب"
            ],
  "نيكني": [
            "لااااا",
            "كسمك",
            "نيك مك"
            ],
  "تزوجني": [
            "ابتعد",
            "لااا",
            "هل تريد مشاكل"
            ],
  "انكحني": [
            "لا انكح متناكين",
            "لا اريد",
            "انقلع"
            ],
  "hi": [
            "هاي لكن تكلم بل عربي لان انجليزية عندي محدودة",
            "هلاو",
            "hi"
            ],
  "pro": [
            "يو برو واتس اب ",
            "تكلم عربي",
            "يوو"
            ],
  "bot": [
            "وات",
            "ياس؟",
            "تكلم عربي"
            ],
  "facbook": [
            "فايسبوك مالو؟",
            "ماذا به ؟"
            ],
  "noumber": [
            "رقم ايه",
            "رقم؟"
            ],
  "nik mok": [
            "كسمك وحدك",
            "نكمك انت",
            "ليش تسب؟"
            ],
  "zabi": [
            "انت لا تمتلك ذلمك الشئ",
            "ماعندك"
            ],
  "mok": [
            "موك انت"
            ],
  "a": [
            "تكلم عربي",
            "لم افهم",
            "ماذا؟"
            ],
  "password": [
            "كلمة سر وات؟",
            "باسبورد؟",
            "1234554321"
            ],
  "keybord": [
            "لوحة مفاتيح",
            "ماذا به كيبورد",
            "تكلم عربي او انقلع"
            ],
  "spick": [
            "نعم",
            "حسنا",
            "لا"
            ],
  "h": [
            "اشش؟",
            "هاا؟",
            "ناني؟"
            ],
  "hay": [
            "اه",
            "هاي",
            "هاااااي!"
            ],
  "ok": [
            "اكي",
            "حسنا"
            ],
  "tfo": [
            "تفوو وحدك",
            "على وجهك"
            ],
  "o": [
            "ooooooooo",
            "اووووووو",
            "او"
            ],
  "bb": [
            "ياس بب",
            "بب",
            "._."
            ],
  "i lave you": [
            "اي لف يو تو",
            "تكلم عربي",
            "انا ايضا"
            ],
  "like": [
            "انا ايضا احببته",
            "احببت ماذا"
            ],
  "lave": [
            "نعم انه الحب"
            ]
}
