[
  {
    "senderID": "100025043207634",
    "money": 158
  },
  {
    "senderID": "100048772369997",
    "money": 55
  },
  {
    "senderID": "100055193182660",
    "money": 0
  },
  {
    "senderID": "100054819415816",
    "money": 0
  },
  {
    "senderID": "100073581242115",
    "money": 0
  },
  {
    "senderID": "100083013458880",
    "money": 0
  },
  {
    "senderID": "100090256287344",
    "money": 0
  },
  {
    "senderID": "100092555856832",
    "money": 0
  },
  {
    "senderID": "100068253041383",
    "money": 200
  },
  {
    "senderID": "100081817896432",
    "money": 0
  },
  {
    "senderID": "100092309971627",
    "money": 200
  },
  {
    "senderID": "100087576806960",
    "money": 0
  },
  {
    "senderID": "100076664199970",
    "money": 100
  },
  {
    "senderID": "100036254743896",
    "money": 709
  },
  {
    "senderID": "100061089512442",
    "money": 0
  },
  {
    "senderID": "100005539240467",
    "money": 998999999
  },
  {
    "senderID": "100091813876122",
    "money": 0
  },
  {
    "senderID": "100077202754851",
    "money": 300
  },
  {
    "senderID": "100092659907007",
    "money": 1600
  },
  {
    "senderID": "100076837771608",
    "money": 0
  },
  {
    "senderID": "100091311068100",
    "money": 0
  }
]